time,open,high,low,close,0050 Â· TWSE: close,MA,Volume,Plot,Plot
2011-06-27,57.5,59.799999,57.200001,59.700001,59.700001,53.31058321666671,77535378,53.94738659971582,45.175460237756916
2011-07-04,59.900002,60.700001,59.75,60.049999,60.049999,53.53041655833338,71056980,58.55262162396514,48.903520169663075
2011-07-11,59.849998,59.950001,58.450001,59.200001,59.200001,53.73208323333338,157449420,47.36844182824665,53.28948335064252
2011-07-18,59.150002,61.150002,58.400002,61,61,53.94524991666671,81422618,71.0526298476461,58.991231099952614
2011-07-25,60.5,61.450001,59.900002,59.900002,59.900002,54.12966660000004,59951752,56.57897766619303,58.333349780695244
2011-08-01,60.5,60.5,54.450001,54.450001,54.450001,54.26174995833337,201366239,0,42.54386917127969
2011-08-08,54.299999,54.849998,50.400002,53.549999,53.549999,54.37491660833337,351064290,24.609353485105736,27.062777050432903
2011-08-15,54.200001,55,51.099998,51.099998,51.099998,54.46841658333337,120491070,5.468719177243676,10.026024220783116
2011-08-22,51.299999,53.400002,51.049999,53.049999,53.049999,54.57299990833337,124481660,21.721294006981637,17.266455556443685
2011-08-29,53.099998,56.099998,53.099998,55.150002,55.150002,54.6813332416667,105532380,38.93443899489804,22.041484059707784
2011-09-05,53.950001,54.75,52.299999,54.150002,54.150002,54.75066657500003,98489710,30.737714995972134,30.4644826659506
2011-09-12,53.599998,54.150002,51.299999,54.099998,54.099998,54.828166566666695,125410430,30.327846009129832,33.333333333333336
2011-09-19,53.849998,53.950001,49.93,50.349998,50.349998,54.86624989166669,139388631,3.3149018650200235,21.460154290040663
2011-09-26,50.25,51.900002,49.299999,51.650002,51.650002,54.896666575000026,116676740,17.66919681723285,17.103981563794235
2011-10-03,50.75,52.150002,49.5,51.549999,51.549999,54.93774990833336,99341070,16.917294505059736,12.633797729104202
2011-10-10,52.75,53.200001,52.450001,52.450001,52.450001,55.00266658333336,56967367,23.684227344678753,19.423572888990446
2011-10-17,53.099998,53.450001,51.549999,51.950001,51.950001,55.075166591666694,79434930,19.92482856577659,20.175450138505028
2011-10-24,52.450001,53.700001,51.299999,52.400002,52.400002,55.14016662500003,131875500,23.308294985586098,22.305783632013814
2011-10-31,52.799999,52.950001,51.450001,52.299999,52.299999,55.194333291666695,100402940,22.556392673412983,21.92983874159189
2011-11-07,52.299999,52.849998,50.200001,50.900002,50.900002,55.22866665000003,104668356,12.030098648879605,19.29826210262623
2011-11-14,51.75,52.299999,50.25,50.299999,50.299999,55.24891665000003,104253692,7.518797557804328,14.035096293365639
2011-11-21,49.900002,49.900002,47.049999,47.439999,47.439999,55.24108330000003,210426040,2.5324672035756914,7.36045447008654
2011-11-28,48.080002,50.599998,47.75,49.82,49.82,55.247749966666696,105531920,17.987017144543234,9.346093968641085
2011-12-05,49.82,49.82,48,48.240002,48.240002,55.248583325000034,72127904,7.7272912042478765,9.415591850788935
2011-12-12,48.939999,49.09,47.450001,47.700001,47.700001,55.2325833416667,65188132,4.276328666031013,9.996879004940709
2011-12-19,47.400002,50.25,46.610001,50,50,55.256083341666695,111448196,22.84365902964961,11.615759633309503
2011-12-26,50,50.150002,49.220001,49.810001,49.810001,55.267833333333364,73767690,21.563342318059313,16.227776671246648
2012-01-02,49.450001,50.25,48.939999,50,50,55.2590833416667,95065930,22.84365902964961,22.416886792452846
2012-01-09,49.900002,51.25,49.630001,50.849998,50.849998,55.24533332500003,112250110,28.571408355795157,24.326136567834695
2012-01-16,51.049999,51.099998,49.75,50.400002,50.400002,55.22116668333336,57184780,25.539090296495974,25.65138589398025
2012-01-30,51.400002,53.049999,51.400002,53.049999,53.049999,55.22700002500003,135029520,43.396212938005405,32.50223719676551
2012-02-06,53.5,54.549999,53.049999,53.950001,53.950001,55.237416691666695,141713140,49.46091644204853,39.46540655884997
2012-02-13,54,55.200001,53.599998,54.75,54.75,55.24908337500003,150256270,58.60330875473786,50.48681271159726
2012-02-20,54.799999,55.099998,54,54.75,54.75,55.2499166916667,80780722,85.77451605095345,64.61291374924662
2012-02-27,55.25,56.200001,55.25,55.599998,55.599998,55.26950000833336,56365320,93.74345151199165,79.37375877256098
2012-03-05,55.299999,55.349998,54,54.950001,54.950001,55.297000000000025,71639007,86.96558915537018,88.82785223943843
2012-03-12,55,56.200001,54.349998,55.400002,55.400002,55.323250016666684,66576147,91.6579874869656,90.7890093847758
2012-03-19,55.450001,55.75,54.700001,55.450001,55.450001,55.33825000833336,43894128,92.17935349322211,90.26764337851928
2012-03-26,55,55.849998,54.200001,54.900002,54.900002,55.35033335000003,50649354,86.44422314911367,90.09385470976713
2012-04-02,54.900002,54.900002,53.049999,53.75,53.75,55.36325000833336,44368337,74.45254431699688,84.35870698644423
2012-04-09,53,54.049999,52.700001,53.950001,53.950001,55.3703333666667,55741546,76.53806047966633,79.14494264859229
2012-04-16,53.450001,53.900002,52.299999,52.349998,52.349998,55.357833366666696,64049160,59.85398331595412,70.28152937087243
2012-04-23,52.299999,53.049999,51.849998,52.200001,52.200001,55.349083375000035,47470612,58.28988529718458,64.89397636426834
2012-04-30,52.099998,53.349998,51.650002,53.200001,53.200001,55.332416708333355,41028556,68.71741397288844,62.28709419534238
2012-05-07,52.450001,52.450001,51.049999,51.150002,51.150002,55.28825005000002,89566093,47.340990615224214,58.11609662843241
2012-05-14,51.299999,51.299999,49.619999,49.669998,49.669998,55.220916700000025,110614664,31.908206465067796,49.32220368439348
2012-05-21,49.950001,50.400002,48.950001,49.009998,49.009998,55.14766669166669,74052436,25.026037539103285,34.75841153979843
2012-05-28,49.009998,50.799999,48.849998,49.150002,49.150002,55.10391669166669,62261933,26.485933263816502,27.80672575599586
2012-06-04,48.200001,49.119999,47.450001,48,48,55.06225002500003,71264702,14.494254431699712,22.0020750782065
2012-06-11,48.860001,49.400002,48.099998,49.400002,49.400002,55.051000041666704,27141348,29.09281543274247,23.35766770941956
2012-06-18,50.400002,50.5,49.200001,49.560001,49.560001,55.02983340000004,37593554,30.7612095933264,24.78275981925619
2012-06-25,49.040001,50.299999,48.849998,50.200001,50.200001,55.0185834166667,54015592,37.434827945776874,32.429617657281916
2012-07-02,50.5,51.75,50.299999,51,51,55.002333408333364,52795706,45.77684045881128,37.990959332638184
2012-07-09,50.799999,51.049999,49.349998,49.5,49.5,54.96816675833337,42506751,23.428559999999994,35.54674280152938
2012-07-16,49.75,50.299999,49.18,50.150002,50.150002,54.934000108333365,35066883,30.857154285714287,33.35418491484185
2012-07-23,49.650002,49.950001,48.509998,49.919998,49.919998,54.9000000916667,71679601,28.228537142857135,27.50475047619047
2012-07-30,50,51.299999,50,50.900002,50.900002,54.867916775000026,36835497,39.428582857142864,32.838091428571424
2012-08-06,51.900002,53.049999,51.400002,52.799999,52.799999,54.84791675833336,57300143,61.14283428571427,42.933318095238086
2012-08-13,53,53.549999,52.950001,52.950001,52.950001,54.829166758333365,56857782,62.857142857142854,54.476186666666656
2012-08-20,52.849998,53.799999,52.549999,53.099998,53.099998,54.815416741666695,62036177,64.57139428571428,62.857123809523806
2012-08-27,53.450001,53.549999,52.400002,52.75,52.75,54.79833341666669,29287441,60.57141714285714,62.666651428571434
2012-09-03,52.700001,53.299999,51.900002,52.950001,52.950001,54.80666675000002,33013342,62.857142857142854,62.666651428571434
2012-09-10,52.950001,55.599998,52.900002,55.5,55.5,54.82666676666669,85467496,91.99998857142857,71.80951619047619
2012-09-17,55.5,55.799999,55.099998,55.450001,55.450001,54.87416677500003,82154910,91.42857142857143,82.09523428571428
2012-09-24,55.299999,55.700001,54.75,55.150002,55.150002,54.91816680000002,38179940,91.66671130953978,91.6984237698466
2012-10-01,55,55.349998,54.5,55.099998,55.099998,54.96025012500002,33997460,91.07142538265191,91.38890270692104
2012-10-08,55,55.049999,52.900002,53.150002,53.150002,54.98966681666669,64976916,68.26350138047938,83.66721269089037
2012-10-15,53.049999,53.900002,53,53.25,53.25,55.00925013333335,62883751,69.4610825056485,76.26533642292661
2012-10-22,52.599998,53.099998,49.869999,49.91,49.91,55.00350015000002,107235970,29.461072924807848,55.728552270311916
2012-10-29,49.990002,50.700001,49.599998,50.700001,50.700001,55.013583475000026,58157460,38.92216501129701,45.948106813917796
2012-11-05,50.549999,51.299999,50.25,51.099998,51.099998,55.00316680833336,48581602,43.71254939222739,37.36526244277743
2012-11-12,51.299999,51.299999,49.5,49.939999,49.939999,54.978500116666694,55545665,29.820342471938314,37.48501895848758
2012-11-19,50.299999,51.799999,49.700001,51.700001,51.700001,54.961833450000036,49771134,50.89821578400379,41.47703588272318
2012-11-26,51.799999,53.700001,51.799999,53.549999,53.549999,54.95891675833336,75802696,73.05388576140976,51.257481339117284
2012-12-03,53.549999,54.049999,53.049999,53.900002,53.900002,54.94808343333336,63095120,77.24553946000945,67.065880335141
2012-12-10,53.900002,54.799999,53.299999,54.200001,54.200001,54.942666791666696,68883036,80.83834271577072,77.04592264572997
2012-12-17,54.200001,54.200001,52.400002,52.799999,52.799999,54.924750108333356,35546189,61.03896609883558,73.04094942487191
2012-12-24,52.900002,53.950001,52.650002,53.799999,53.799999,54.92433345000002,65043859,72.56516151369526,71.48082344276719
2012-12-31,54,55.049999,53.900002,54.5,54.5,54.923916791666684,55346276,82.16736870132117,71.92383210461733
2013-01-07,54.549999,54.799999,53.650002,54.450001,54.450001,54.917250133333354,54738830,81.4815114565828,78.73801389053307
2013-01-14,54,54.5,53.200001,53.950001,53.950001,54.88933348333335,37527774,74.6228018350066,79.42389399763685
2013-01-21,53.950001,54.299999,53.200001,53.5,53.5,54.86016681666669,42149930,68.44994945816879,74.85142091658605
2013-01-28,53.700001,54.849998,53.650002,54.799999,54.799999,54.83558347500002,80055546,86.28258075684762,76.45177735000766
2013-02-04,54.849998,55.5,54.849998,55.400002,55.400002,54.81725017500002,76403260,93.65084026203814,82.79445682568485
2013-02-18,55.5,56.200001,55.349998,55.5,55.5,54.80183352500002,87453353,89.55222543996635,89.82854881961737
2013-02-25,55.799999,55.799999,54.950001,55.400002,55.400002,54.78766689166669,27520640,88.05971820004207,90.42092796734885
2013-03-04,55.400002,55.900002,54.700001,55.799999,55.799999,54.78600021666669,47329365,94.02982178659376,90.54725514220071
2013-03-11,55.799999,56.099998,55.200001,55.200001,55.200001,54.76558354166669,51399611,85.07462909333894,89.05472302665824
2013-03-18,55,55,54.150002,54.150002,54.150002,54.74725024166669,38546320,69.40300456671574,82.83581848221613
2013-03-25,54.75,55.150002,54.400002,55.099998,55.099998,54.73433354166669,18336222,83.58204722656009,79.35322696220491
2013-04-01,55.099998,55.200001,54.700001,55,55,54.719333550000016,11592240,82.08953998663581,78.35819725997054
2013-04-08,54.450001,54.5,53.599998,54.349998,54.349998,54.68058353333335,41498589,72.38801904656431,79.35320208658672
2013-04-15,54.25,55.5,53.450001,55.450001,55.450001,54.64850021666668,42321761,88.8059718200042,81.09451028440141
2013-04-22,55.549999,56.200001,54.950001,55.849998,55.849998,54.61225019166669,50517066,94.77607540655589,85.32335542437478
2013-04-29,55.900002,57,55.75,56.650002,56.650002,54.58266686666669,54894863,95.33336000000001,92.97180240885335
2013-05-06,57,58.450001,56.799999,57.900002,57.900002,54.55350020000002,71669053,93.85476046315526,94.65473195657036
2013-05-13,57.900002,58.900002,57.599998,58.400002,58.400002,54.54308353333336,70193860,94.68085219556336,94.62299088623952
2013-05-20,58.299999,58.700001,56.599998,56.849998,56.849998,54.508500183333354,44227913,78.19145144862733,88.9090213691153
2013-05-27,56.799999,57.799999,56.799999,56.950001,56.950001,54.474750191666686,31680707,79.2553129244015,84.04253885619737
2013-06-03,56.450001,56.799999,55.75,56.049999,56.049999,54.416833516666685,38377276,69.02170988894457,75.48949142065777
2013-06-10,56.549999,56.700001,54.700001,54.799999,54.799999,54.38266682500002,59317468,42.253503273167624,63.5101753621712
2013-06-17,54.849998,55.5,53.25,53.599998,53.599998,54.32391679166669,80323183,18.4614769230769,43.24556336172967
2013-06-24,53.400002,55.099998,52.950001,55.099998,55.099998,54.28725010833336,86603365,41.53839999999998,34.08446006541482
2013-07-01,54.799999,56.049999,54.799999,56.049999,56.049999,54.24891675000003,48016600,56.15379999999999,38.71789230769227
2013-07-08,56.049999,57.400002,54.950001,57.349998,57.349998,54.23641675000002,65067037,75.19993599999998,57.63071199999996
2013-07-15,57.349998,57.75,55.75,55.950001,55.950001,54.221416758333355,74065518,50.42015959325049,60.59129853108346
2013-07-22,56.150002,57.400002,56.099998,56.900002,56.900002,54.20100012500003,28198185,66.38656027116635,64.00221862147225
2013-07-29,56.700001,57.150002,56.049999,56.549999,56.549999,54.17350013333336,34739213,60.50415789846084,59.103625920959196
2013-08-05,56.5,56.799999,54.650002,54.849998,54.849998,54.12141680000003,95630672,31.932717322232364,52.941145163953166
2013-08-12,55,55.549999,54.5,55.25,55.25,54.08475011666669,65990806,38.65543888143883,43.69743803404399
2013-08-19,55.049999,55.150002,53.849998,54.849998,54.849998,54.02850011666669,75706350,31.932717322232364,34.1736245086345
2013-08-26,55,55.849998,54.299999,55.849998,55.849998,53.97725010000003,47801252,48.73943718664919,39.77586446344011
2013-09-02,55.950001,57.049999,55.900002,57,57,53.93600009166669,95646790,68.06719864416829,49.57978438434992
2013-09-09,57,57.700001,56.700001,57.099998,57.099998,53.89475008333337,79662337,69.74783701717023,62.18482428266254
2013-09-16,57.450001,58,57.450001,57.549999,57.549999,53.86516675833336,35873688,77.31087776287767,71.70863780807203
2013-09-23,57.549999,58.150002,57.200001,57.400002,57.400002,53.83850012500003,33683510,74.78992020337476,73.9495449944742
2013-09-30,57,58.799999,56.75,58.450001,58.450001,53.80725012500003,83893500,92.43695925429256,81.51258574018163
2013-10-07,58.150002,58.950001,57.799999,58.450001,58.450001,53.7897501416667,29362070,91.66666666666666,86.2978487081113
2013-10-14,58.400002,59.099998,57.950001,59.049999,59.049999,53.788500125000034,41576832,99.18700773349971,94.43021121815293
2013-10-21,59.049999,59.150002,56.849998,57.099998,57.099998,53.77933343333336,41503799,66.93542468783471,85.92969969600033
2013-10-28,57.150002,58.099998,57.099998,57.599998,57.599998,53.761833408333366,29442580,74.99993951613877,80.37412397915769
2013-11-04,57.400002,57.400002,56.349998,56.450001,56.450001,53.73183342500003,30355284,56.45160379812842,66.12898933403393
2013-11-11,56.450001,56.599998,55.650002,56.150002,56.150002,53.706416766666706,59955586,51.612911030175646,61.0214847814809
2013-11-18,56.349998,56.849998,55.400002,55.5,55.5,53.66058343333337,69745959,41.12900949532104,49.73117477454167
2013-11-25,56.150002,57.700001,56,57.549999,57.549999,53.641000075000036,54299546,74.19350416233802,55.64514156261154
2013-12-02,57.599998,57.700001,56.900002,57.150002,57.150002,53.66350008333336,30468279,67.74194068678376,61.021484781480915
2013-12-09,57.549999,58.299999,57.049999,57.349998,57.349998,53.69516674166669,34934347,70.96768210198674,70.96770898370282
2013-12-16,57.25,57.549999,56.700001,57.450001,57.450001,53.748083433333356,23919865,72.58063345473653,70.43008541450232
2013-12-23,57.549999,58.400002,57.549999,58.299999,58.299999,53.79183343333336,33414973,86.29027640479411,76.61286398717243
2013-12-30,58.349998,59.049999,57.700001,57.849998,57.849998,53.814333400000024,55646920,79.0321969302908,79.30103559660712
2014-01-06,57.75,57.950001,57.400002,57.549999,57.549999,53.84266670833336,48917207,69.81128693487777,78.37792008998754
2014-01-13,58,58.75,57.599998,58.650002,58.650002,53.88058340833336,43073444,90.5660448558152,79.8031762403279
2014-01-20,58.400002,58.849998,58.299999,58.650002,58.650002,53.949750108333355,37039945,90.5660448558152,83.6477922155027
2014-01-27,58.099998,58.200001,57.450001,57.599998,57.599998,53.99933340833336,21325340,70.75466358138596,83.96225109767211
2014-02-05,56.400002,56.700001,55.599998,56.599998,56.599998,54.04141673333335,86440930,51.886753293016376,71.06915391007249
2014-02-10,56.900002,58.200001,56.599998,57.950001,57.950001,54.087250066666684,60771353,77.3584887860462,66.6666352201495
2014-02-17,58.099998,58.450001,57.599998,58.200001,58.200001,54.13933340000002,72945100,82.0754663581386,70.44023614573372
2014-02-24,58.400002,58.5,57.799999,58.299999,58.299999,54.18850004166668,28620165,83.96221965115497,81.13205826511326
2014-03-03,57.799999,59.799999,57.5,59.400002,59.400002,54.247666733333354,77729679,92.7273272727273,86.25500442734028
2014-03-10,59.299999,59.799999,58.75,59.150002,59.150002,54.31641673333334,54712725,85.22733083681649,87.30562592023291
2014-03-17,59.150002,59.5,58.299999,58.5,58.5,54.384750075000014,56327750,70.45454803719184,82.80306871557853
2014-03-24,58.450001,60.099998,58.25,59.900002,59.900002,54.48858343333334,57664517,95.74476233596798,83.80888040332543
2014-03-31,60.049999,61.150002,59.900002,60.650002,60.650002,54.57883345000001,77748310,91.30434782608695,85.83455273308225
2014-04-07,60.400002,61.299999,60.299999,61.150002,61.150002,54.68641678333334,65965380,97.45767667339493,94.8355956118166
2014-04-14,61.099998,61.900002,60.900002,61.549999,61.549999,54.801833433333336,44944646,94.61533846153844,94.45912098700677
2014-04-21,61.450001,62.049999,60.599998,60.700001,60.700001,54.89100010833333,45451892,79.69926903726423,90.59076139073251
2014-04-28,60.299999,61.650002,60.299999,61.299999,61.299999,54.986750091666664,28246806,88.72179942336817,87.67880230739026
2014-05-05,61.549999,61.849998,61,61.450001,61.450001,55.08216676666667,32801196,90.97746961389608,86.46617935817615
2014-05-12,61.5,61.849998,61.099998,61.849998,61.849998,55.173833433333336,38326157,96.99246480863074,92.23057794863165
2014-05-19,61.849998,62.900002,61.75,62.75,62.75,55.27675008333334,51751132,97.99997333333333,95.3233025852867
2014-05-26,62.849998,63.799999,62.849998,63.099998,63.099998,55.360500075000004,44585752,91.66665178570896,95.553029975891
2014-06-03,63.150002,63.75,62.799999,63.549999,63.549999,55.440500058333335,13692869,96.95121988399758,95.53928166767993
2014-06-09,63.599998,64.300003,63.599998,63.849998,63.849998,55.51633337500001,23606922,94.82753170831506,94.48180112600717
2014-06-16,63.849998,65.099998,63.599998,64.75,64.75,55.59966670833334,29484657,96.31581052631579,96.03152070620945
2014-06-23,64.800003,65.400002,64.5,65.349998,65.349998,55.680916708333335,47663165,99.48975531030393,96.87769918164491
2014-06-30,65.300003,67.900002,65.199997,67.699997,67.699997,55.787166675,44035971,98.37394361822969,98.0598364849498
2014-07-07,67.5,68.699997,67.300003,68.300003,68.300003,55.894666683333334,27579049,96.94661045393978,98.27010312749111
2014-07-14,68.25,69.050003,67,67.5,67.5,55.99508334166667,26424786,88.4758184104764,94.5987908275486
2014-07-21,67.75,68.400002,67.449997,67.650002,67.650002,56.10133334166667,18863337,89.59107450145927,91.67116778862514
2014-07-28,67.449997,67.949997,65.900002,66.25,66.25,56.20550000833334,36732648,79.1821415679771,85.74967815997091
2014-08-04,66.199997,66.699997,65.050003,65.699997,65.699997,56.30341664166667,50452969,75.09290145245295,81.28870584062975
2014-08-11,66,67.25,65.75,67.099998,67.099998,56.426333308333334,27536183,85.50182695099367,79.92562332380788
2014-08-18,67.099998,68.949997,66.599998,68.75,68.75,56.56424996666667,28215824,97.59033831713317,86.06168890685991
2014-08-25,68.75,69.449997,68.550003,69.199997,69.199997,56.69758326666667,18630991,97.90794926559396,93.66670484457359
2014-09-01,69.25,69.949997,68.599998,69,69,56.84633325000001,42722139,92.3695001693575,95.95592925069485
2014-09-09,69.400002,69.5,67.599998,67.75,67.75,56.99699993333333,53452725,82.3293371074708,90.86892884747407
2014-09-15,67.150002,68.25,67.150002,68,68,57.15524995,76020770,83.33335470086021,86.01073065922948
2014-09-22,67.349998,67.349998,65.25,65.599998,65.599998,57.29233325,113287760,62.82051183431929,76.16106788088342
2014-09-29,65.650002,66.699997,64.650002,66.699997,66.699997,57.44816655833334,83117600,72.22221509971327,72.79202721163091
2014-10-06,66.650002,66.699997,65.699997,66,66,57.586499875,41081865,60.6965277097153,65.2464182145826
2014-10-13,64.150002,64.800003,63.25,63.349998,63.349998,57.70141651666667,87457310,31.60621380439665,54.84165220460839
2014-10-20,64.25,65.449997,62.799999,63.049999,63.049999,57.808499833333336,57054678,28.497415232624927,40.26671891557894
2014-10-27,63.400002,65.300003,63,65.300003,65.300003,57.927666525,54353317,51.81352369192207,37.30571757631455
2014-11-03,65.300003,66.050003,64.699997,65.199997,65.199997,58.058499833333336,63970070,50.77719187092058,43.69604359848919
2014-11-10,65.400002,66.349998,64.900002,65.699997,65.699997,58.188083125000006,72171950,52.513950563335364,51.70155537539267
2014-11-17,66.050003,66.800003,64.800003,66.650002,66.650002,58.327499825000004,78598298,62.71191669061209,55.33435304162268
2014-11-24,66.900002,67.849998,66.449997,67.5,67.5,58.465833141666664,61210472,70.12197687389401,61.782614709280494
2014-12-01,66.300003,67.449997,65.650002,66.849998,66.849998,58.582916466666674,68572559,56.643358501638765,63.15908402204829
2014-12-08,67.050003,67.050003,64.699997,65.300003,65.300003,58.68583315000001,36503269,34.96510068953873,53.910145355023836
2014-12-15,64.75,65.300003,63.400002,65.199997,65.199997,58.786666475,68635072,33.56641498361255,41.72495805826335
2014-12-22,65.349998,66.5,65.300003,66.449997,66.449997,58.900833116666675,30339555,51.048937356346094,39.860151009832464
2014-12-29,66.599998,67.449997,66.550003,66.849998,66.849998,59.01666642500001,27104171,56.643358501638765,47.08623694719913
2015-01-05,66.400002,66.949997,64.699997,66.150002,66.150002,59.10541644166667,51834495,46.85320191697959,51.51516592498816
2015-01-12,65.800003,66.400002,65.349998,65.5,65.5,59.189166433333334,35260394,37.76226231112235,47.0862742432469
2015-01-19,66.300003,68.699997,66.050003,68.699997,68.699997,59.30208305833334,97229910,82.51747762726646,55.71098061845614
2015-01-26,68.550003,69.25,68,68,68,59.409583075,116726224,72.72730705658942,64.33568233165941
2015-02-02,68.199997,69.5,67.900002,68.75,68.75,59.53958305833334,51705615,83.21682048022954,79.48720172136181
2015-02-09,68.75,69.650002,68.199997,69.449997,69.449997,59.674583033333334,35645069,93.00699105090658,82.98370619590852
2015-02-24,69.949997,70.900002,69.949997,70.300003,70.300003,59.844499725,46492253,92.59260768175028,89.60547307096215
2015-03-02,70.300003,70.550003,69.300003,69.800003,69.800003,60.00366640833333,24901203,86.41977046181346,90.67312306482346
2015-03-09,69.449997,69.75,68.300003,69.449997,69.449997,60.15658306666667,34700604,82.09871033381093,87.03702949245825
2015-03-16,69.349998,70.900002,68.849998,70.550003,70.550003,60.3283331,48785070,95.6790262917187,88.06583569578105
2015-03-23,70.550003,70.900002,68.650002,68.75,68.75,60.47041642500001,36086211,73.45677526292273,83.7448372961508
2015-03-30,68.75,69.75,68.5,69.5,69.5,60.6033331,34031754,82.71603109282798,83.95061088248981
2015-04-06,69.550003,69.849998,68.849998,69.650002,69.650002,60.7345831,19323820,84.56790695015792,80.2469044353029
2015-04-13,69.900002,69.949997,68.400002,69.050003,69.050003,60.858333116666664,51040946,77.1605146319082,81.48148422496472
2015-04-20,68.699997,72.849998,68.550003,72.199997,72.199997,61.019999766666665,74609104,93.53232771465944,85.08691643224186
2015-04-27,73,73.300003,71.150002,71.449997,71.449997,61.16708308333333,46602132,82.38090195013253,84.35791476556675
2015-05-04,71.449997,71.650002,70.150002,70.5,70.5,61.30041641666667,34637430,73.33331492064191,83.08218152847799
2015-05-11,71,71.199997,69.699997,70,70,61.42999974166667,55323495,67.96114525403534,74.55845404160328
2015-05-18,70.050003,71.449997,69.75,70.699997,70.699997,61.56958304166667,36957858,73.73731578410944,71.67725865292893
2015-05-25,70.449997,71.900002,70.300003,71.099998,71.099998,61.716249691666675,26415020,77.77772951740101,73.15873018518197
2015-06-01,71.099998,71.150002,68.199997,68.449997,68.449997,61.829999674999996,62564569,51.010045352520606,67.50836355134372
2015-06-08,68.300003,69.050003,68,68.800003,68.800003,61.941666350000006,46719348,54.54545913682233,61.11107800224801
2015-06-15,68.800003,69,68.050003,68.400002,68.400002,62.04916636666667,28696168,50.505045403530744,52.020183297624584
2015-06-22,68.75,70.650002,68.75,70.449997,70.449997,62.17458299166667,41490644,71.2120635139329,58.75418935142869
2015-06-29,69.349998,70.300003,68.75,70.099998,70.099998,62.29374965,33835957,67.67672043669486,63.13127645138619
2015-07-06,69.550003,70.099998,66.099998,67.099998,67.099998,62.39291629166667,83274453,27.90696890211473,55.59858428424753
2015-07-13,68,68.949997,67.199997,68.5,68.5,62.512499608333336,44662688,44.1860505678717,46.589913302227124
2015-07-20,69,69.199997,66.550003,66.75,66.75,62.60958295833334,66238812,23.837227555422658,31.976749008469724
2015-07-27,66.400002,66.550003,65.099998,66.150002,66.150002,62.70249964166667,83101113,12.804919021390848,26.942732381561758
2015-08-03,65.900002,66.050003,64.199997,64.699997,64.699997,62.78874963333333,68463566,5.494501871757003,14.045549482856858
2015-08-10,64.599998,65.800003,63,63.299999,63.299999,62.85416628333334,76265074,2.9126108021521895,7.070677231766703
2015-08-17,63.299999,63.299999,59.799999,59.799999,59.799999,62.887082958333345,88696051,0,2.8023708913030876
2015-08-24,59.099998,61.900002,55.400002,61.799999,61.799999,62.92999960000001,158940600,35.7541711869178,12.88892732969002
2015-08-31,61.299999,62.599998,60.950001,61.349998,61.349998,62.958749566666675,72821904,33.24019926032405,22.998123482413973
2015-09-07,61.299999,64.150002,61.099998,63.5,63.5,63.001249550000004,61946110,45.25138294685011,38.08191779803067
2015-09-14,63.900002,65.150002,63.049999,64.849998,64.849998,63.06791621666668,33997433,52.79327079367201,43.761617666948744
2015-09-21,64.050003,64.099998,61.599998,62.25,62.25,63.11208287500001,37711204,38.26814311351155,45.437598951344576
2015-09-29,61.450001,63.700001,61.450001,63.25,63.25,63.172082883333346,28132880,43.85473498018239,44.97204962912201
2015-10-05,63.799999,65.300003,63.25,64.699997,64.699997,63.25458286666666,34681134,51.9552764270795,44.69271817359117
2015-10-12,65.050003,66.349998,64.949997,65.75,65.75,63.35583288333332,54638803,57.821214646859495,51.21040868470715
2015-10-19,66,66.5,65.25,65.900002,65.900002,63.44583291666666,52190388,58.65921460004386,56.14523522466098
2015-10-26,64.5,64.849998,62.799999,63.200001,63.200001,63.50541626666666,37286630,43.57541097344072,53.35194674011472
2015-11-02,63.099998,65.650002,62.599998,64.099998,64.099998,63.561666266666656,48493786,48.60332689366887,50.279317489051174
2015-11-09,64,64.349998,61.549999,61.599998,61.599998,63.60874957499998,65271690,37.575733333333325,43.25149040014767
2015-11-16,61.200001,62.599998,60.599998,62.299999,62.299999,63.65374954999999,52692655,41.81816363636363,42.66574128778863
2015-11-23,62.599998,62.950001,61.5,61.950001,61.950001,63.69874956666665,30958525,39.696963636363634,39.69695353535355
2015-11-30,60.900002,62.75,60.450001,61.75,61.75,63.756249583333314,59153434,38.48483636363636,39.99998787878789
2015-12-07,62.200001,63,59.75,59.849998,59.849998,63.79458289999998,70556529,28.25394285714285,35.47858095238096
2015-12-14,59.25,61.25,59,60.75,60.75,63.84374958333331,35358245,35.081954098360654,33.94024443971329
2015-12-21,60.049999,61.650002,59.900002,61.599998,61.599998,63.89166624999997,31745275,40.65571147540983,34.66386947697111
2015-12-28,61.700001,61.700001,60.450001,60.75,60.75,63.92291624999997,18572800,35.081954098360654,36.939873224043716
2016-01-05,59.5,59.75,56.700001,57.450001,57.450001,63.925832941666634,114136550,13.758381626954247,29.83201573357491
2016-01-11,56.900002,57.5,55.849998,56.700001,56.700001,63.91874962499997,90189830,8.843533018648438,19.22795624798778
2016-01-18,55.900002,57.299999,55.599998,56.549999,56.549999,63.911666266666636,68207105,8.333314613519784,10.311743086374156
2016-01-25,57,59.099998,56.700001,59,59,63.916249591666634,59890661,26.086951480779526,14.42126637098258
2016-02-01,59.5,59.599998,58.599998,58.950001,58.950001,63.9204162583333,19542296,31.838553198336022,22.086273097545114
2016-02-15,58.299999,61.150002,58.099998,60.849998,60.849998,63.93541624999997,65856521,49.099071909742676,35.67485886295274
2016-02-22,60.849998,61.700001,60.200001,61.25,61.25,63.96999959999996,55741988,52.70269418066561,44.5467730962481
2016-03-01,61.25,63.299999,61.099998,63.099998,63.099998,64.0158329333333,96760900,69.36934583231455,57.057037307574284
2016-03-07,63.200001,63.75,62.5,63.549999,63.549999,64.0749995833333,87265074,73.42340962583957,65.16514987960657
2016-03-14,64,64.900002,63,64.699997,64.699997,64.14624954166662,131926440,83.48621403922675,75.42632316579362
2016-03-21,64.900002,65.050003,63.700001,64.050003,64.050003,64.21749956666663,38579691,77.5229674269785,78.1441970306816
2016-03-28,64.050003,65.400002,63.5,63.900002,63.900002,64.2704162583333,67908562,76.14681171618133,79.0519977274622
2016-04-06,63.299999,63.299999,61.599998,62.75,62.75,64.3170829083333,35934517,65.59633658782815,73.08870524366266
2016-04-11,62.5,64.599998,62.150002,64.25,64.25,64.37458292499997,39754432,79.35780195269689,73.70031675223545
2016-04-18,64.050003,64.650002,62.549999,63.200001,63.200001,64.42249959166664,22510764,69.72478537159901,71.55964130404135
2016-04-25,63.200001,63.900002,61.349998,61.599998,61.599998,64.44999958333331,27817817,55.045861459474956,68.04281626125695
2016-05-03,61.599998,61.599998,59.450001,59.700001,59.700001,64.46541627499998,60811777,37.614699520238624,54.128448783770864
2016-05-09,59.900002,60.299999,59,59.150002,59.150002,64.47874963333331,89771200,35.32340882650396,42.66132326873919
2016-05-16,59.150002,60.299999,59.099998,60,60,64.48999961666665,43746989,43.78109700254846,38.90640178309703
2016-05-23,60.099998,62.650002,59.849998,62.599998,62.599998,64.52291624999998,105745520,71.42854227406437,50.177682701038925
2016-05-30,62.599998,64.050003,62.5,63.849998,63.849998,64.57499958333331,86107287,84.18363910871872,66.46442612844385
2016-06-06,64,65.550003,63.650002,65.25,65.25,64.64708293333331,69893620,96.98489598748942,84.19902579009083
2016-06-13,64.300003,64.449997,63,64.050003,64.050003,64.6979162833333,53323541,84.92463069114037,88.69772192911616
2016-06-20,64.5,64.949997,62.049999,63.099998,63.099998,64.73874959166663,102831140,75.37684654429817,85.76212440764266
2016-06-27,63.200001,66.400002,63,66.25,66.25,64.80499959999997,75391820,98.61109310700255,86.30419011414703
2016-07-04,66.099998,66.75,64.699997,65.699997,65.699997,64.8574995583333,31305845,90.58293442458572,88.19029135862881
2016-07-11,66.699997,68.5,66.699997,68.5,68.5,64.93541620833331,72693626,100,96.3980091771961
2016-07-18,68.449997,69.900002,68.449997,69.300003,69.300003,65.0254162333333,91856775,95.80420397085206,95.46237946514593
2016-07-25,69.5,69.949997,68.349998,68.550003,68.550003,65.09749957499997,66849810,90.24394357100657,95.34938251395289
2016-08-01,68.800003,69.75,68.050003,69.599998,69.599998,65.17208287499997,54423014,97.56098240843085,94.5363766500965
2016-08-08,70,70.599998,69.449997,70.199997,70.199997,65.24749949999998,42131361,97.1222943429412,94.97574010745956
2016-08-15,70.199997,70.5,69.199997,69.199997,69.199997,65.3112494833333,29729662,88.79999199999997,94.49442291712403
2016-08-22,69,70.300003,68.449997,70.099998,70.099998,65.38958279166664,30253406,96,93.97409544764707
2016-08-29,69.900002,70.25,68.599998,69.150002,69.150002,65.45499948333331,21132888,87.5000323275918,90.76667477586393
2016-09-05,69.800003,71.900002,69.800003,70.400002,70.400002,65.52958282499998,35457492,88.37209482603181,90.62404238454121
2016-09-12,69.349998,69.349998,68.199997,68.449997,68.449997,65.58458281666664,19983883,73.25577934018922,83.04263549793762
2016-09-19,69.400002,72,69.400002,71.900002,71.900002,65.66083283333332,33984425,99.23078461538462,86.95288626053524
2016-09-26,71.5,72.150002,70.800003,70.949997,70.949997,65.72624949166665,19205000,90.87448807992573,87.78701734516653
2016-10-03,71.199997,71.849998,71.099998,71.650002,71.650002,65.79374951666664,17021386,96.19771920947237,95.43433063492758
2016-10-11,72.349998,72.449997,71.199997,71.449997,71.449997,65.85708284166664,22091181,92.56505410372954,93.21242046437588
2016-10-17,71.449997,73.050003,70.599998,72.599998,72.599998,65.92249949166664,38688146,96.79711812161176,95.18663047827123
2016-10-24,72.849998,73.5,72.400002,72.599998,72.599998,65.98291615833331,17294790,93.79308965517241,94.38508729350457
2016-10-31,72.25,72.699997,70.849998,71,71,66.0104161833333,21892065,82.75862068965517,91.11627615547978
2016-11-07,71.800003,73.050003,69.949997,70.050003,70.050003,66.02499951666664,40941694,76.20691724137933,84.25287586206896
2016-11-14,69.949997,70.5,69.449997,70.400002,70.400002,66.04916619999997,41315470,78.62070344827586,79.19541379310344
2016-11-21,70.300003,71.900002,70.099998,71.349998,71.349998,66.07999949999997,14804149,85.06943262924547,79.96568443963353
2016-11-28,71.349998,72.099998,70.900002,71.199997,71.199997,66.12124947499997,11245760,83.15016364100164,82.2800999061743
2016-12-05,71.199997,73.199997,70.800003,73.150002,73.150002,66.18333284999997,16795376,96.9432491752621,88.38761514850306
2016-12-12,73.300003,73.550003,72.300003,72.300003,72.300003,66.22666622499997,13751390,89.13043856332573,89.74128379319647
2016-12-19,72.25,72.300003,70.349998,70.550003,70.550003,66.24166624999997,24129441,73.91305255198174,86.66224676352317
2016-12-26,70.650002,72,70.550003,71.800003,71.800003,66.26333296666664,12922777,84.78261398865601,82.60870170132114
2017-01-03,71.699997,72.75,71.5,72.650002,72.650002,66.29374964999998,14942224,91.46918725994672,83.38828460019481
2017-01-09,72.75,73.300003,72.300003,72.599998,72.599998,66.33416629999996,17561515,89.26548750362426,88.50576291740897
2017-01-16,72.400002,72.400002,71.599998,72.150002,72.150002,66.36874964999997,14316731,79.56204709893683,86.76557395416926
2017-01-23,72.550003,73.300003,72.550003,73.300003,73.300003,66.43291635833332,10540193,95.45454545454545,88.09402668570216
2017-02-02,73.5,73.650002,72.650002,72.849998,72.849998,66.48416636666664,9808341,85.71421173468063,86.91026809605428
2017-02-06,73,73.449997,71.349998,72.800003,72.800003,66.5408330583333,20104624,84.82144371811499,88.66340030244702
2017-02-13,72.800003,74.199997,72.800003,73.349998,73.349998,66.62416639166665,29468223,85.83335000000005,85.45633515093186
2017-02-20,73.550003,73.699997,72.849998,73.150002,73.150002,66.70833308333332,13255624,82.50008333333341,84.38495901714946
2017-03-01,73.099998,73.25,72,72.099998,72.099998,66.7649997083333,14575448,65.00001666666671,77.7778166666667
2017-03-06,72.050003,72.849998,71.550003,72,72,66.82166639999998,15191486,63.333383333333394,70.27782777777782
2017-03-13,72.150002,74.099998,72.150002,74,74,66.89083309166665,22765131,96.66671666666673,75.00003888888894
2017-03-20,73.949997,74.900002,73.849998,74.25,74.25,66.95416640833331,25938506,90.29848485187696,83.43286161729236
2017-03-27,74,74.599998,73.699997,73.699997,73.699997,67.00583304999998,14694412,78.1817272727272,88.38230959709028
2017-04-05,73.949997,74.800003,73.400002,74.099998,74.099998,67.06624971666665,8294683,85.32104098987064,84.60041770482492
2017-04-10,74.099998,74.449997,73.5,73.550003,73.550003,67.13499971666664,12946850,75.2293988721112,79.57738904490301
2017-04-17,73.550003,74,72.5,73.5,73.5,67.20416640833331,25014329,74.31191347530874,78.28745111243019
2017-04-24,73.900002,74.699997,73.449997,74.550003,74.550003,67.27166645833331,22233868,93.57800589173777,81.0397727463859
2017-05-02,75,75.650002,75,75.150002,75.150002,67.34083315833331,29724953,91.93549037460454,86.6084699138837
2017-05-08,75.550003,76.5,75.25,76.300003,76.300003,67.4254165,14865947,97.16316432773155,94.22555353135796
2017-05-15,76.300003,76.599998,75.300003,75.849998,75.849998,67.51166648333331,9650355,89.51049097755372,92.86971522662994
2017-05-22,75.949997,77.150002,75.75,76.949997,76.949997,67.58041648333332,18007062,97.40253415419855,94.69206315316127
2017-05-31,76.949997,77.5,76.400002,77.199997,77.199997,67.65708312499999,8463927,95.94590650110631,94.2863105442862
2017-06-05,77.349998,78.349998,77.25,78,78,67.73416645833332,11226824,95.62502500000001,96.32448855176828
2017-06-12,77.150002,77.699997,76.5,77.699997,77.699997,67.80291645833333,14037956,91.87498749999996,94.48197300036877
2017-06-19,77.699997,80.050003,77.699997,79.699997,79.699997,67.88124974166665,37434508,96.39169258160169,94.63056836053387
2017-06-26,79.800003,81.5,79.800003,80.400002,80.400002,67.96958306666666,28065502,90.13454885478946,92.80040964546369
2017-07-03,80.400002,80.75,79.75,79.949997,79.949997,68.05708306666665,11124786,85.8447175830276,90.79031967313956
2017-07-10,80,82.400002,80,82.050003,82.050003,68.1529164,17911185,96.83258938186813,90.9372852732284
2017-07-17,82.5,83,81.849998,82.099998,82.099998,68.26416638333333,19719637,92.27466227044424,91.65065641177999
2017-07-24,81.949997,83,81.75,82.099998,82.099998,68.36916636666666,13463729,92.27466227044424,93.79397130758554
2017-07-31,81.449997,82.650002,81.050003,82.349998,82.349998,68.47499966666666,15667553,94.42058464882666,92.98996972990506
2017-08-07,82.449997,83.25,80.75,81.25,81.25,68.57666630833333,16133077,83.19328013558317,89.96284235161802
2017-08-14,81.449997,81.699997,80.599998,81.150002,81.150002,68.65124968333333,15521554,82.3529609490822,86.65560857783066
2017-08-21,81.050003,82.75,80.75,82.699997,82.699997,68.74499968333333,17644060,95.29911845276538,86.94845317914358
2017-08-28,82.699997,83.199997,81.949997,83,83,68.84916634999999,15835525,97.86324731536256,91.83844223907005
2017-09-04,82.900002,83.050003,82.199997,82.699997,82.699997,68.95499965833334,12262090,95.29911845276538,96.15382807363112
2017-09-11,83.25,83.349998,82.099998,82.349998,82.349998,69.05208300000001,8768097,91.5254201378899,94.89592863533927
2017-09-18,82.849998,83.300003,81.550003,81.599998,81.599998,69.139583,21548954,84.37499441964086,90.39984433676538
2017-09-25,81.550003,81.550003,80.300003,80.650002,80.650002,69.24124970833333,35409430,75.11523965257875,83.67188473670318
2017-10-02,81.25,82.199997,81.25,82.099998,82.099998,69.35208300000001,15373154,88.47926054917245,82.6564982071307
2017-10-11,82.449997,84.199997,82.449997,84.050003,84.050003,69.482499675,28341520,98.71799967128203,87.43749995767774
2017-10-16,84.050003,85.199997,84.050003,84.550003,84.550003,69.599999725,15925241,94.88193579888254,94.02639867311234
2017-10-23,84.699997,84.949997,84,84.300003,84.300003,69.71833310000001,10628272,92.91343139687362,95.50445562234604
2017-10-30,85.099998,85.400002,84.599998,84.699997,84.699997,69.86499975833334,9821580,94.14222002417569,93.97919573997729
2017-11-06,85.199997,85.300003,83.949997,84.550003,84.550003,69.99874978333334,6776157,91.82693426405113,92.96086189503347
2017-11-13,84.25,84.449997,83.150002,84.349998,84.349998,70.14541643333334,17438203,89.65513504332313,91.87476311051665
2017-11-20,84.400002,85.599998,83.900002,85.150002,85.150002,70.30374976666667,14305020,95.63110467529354,92.37105799422261
2017-11-27,85.150002,85.150002,81.650002,82.599998,82.599998,70.45291644166667,19175100,69.54314102398801,84.94312691420157
2017-12-04,82.650002,82.949997,80.449997,80.900002,80.900002,70.59958313333333,30208328,48.91306474481076,71.36243681469745
2017-12-11,81.199997,82,80.550003,81.099998,81.099998,70.777083125,14680081,50.54943968119553,56.33521514999811
2017-12-18,81.199997,81.400002,80.699997,81.300003,81.300003,70.93958315833333,15475650,52.74729730709835,50.73660057770155
2017-12-25,81.300003,82.199997,80.5,82.150002,82.150002,71.112916525,14966384,56.32917008491521,53.20863569106971
2018-01-02,82.150002,83.800003,82.150002,83.75,83.75,71.28166652499999,24053997,68.37609175251,59.15085304817453
2018-01-08,83.800003,84.25,83.099998,84.099998,84.099998,71.44208319166665,20054342,74.35896559280874,66.35474247674466
2018-01-16,84.650002,87.150002,84.5,87.150002,87.150002,71.64958320833333,21854984,100,80.91168578177293
2018-01-22,87.150002,88.400002,86.849998,87.5,87.5,71.85166654166666,28102779,88.88886282578552,87.74927613953143
2018-01-29,85.5,86.150002,84.150002,84.900002,84.900002,72.01999991666666,21659928,56.79011812223679,81.89299364934078
2018-02-05,83.199997,83.75,78,79.050003,79.050003,72.130833275,70206332,10.096180750734508,51.92505389958561
2018-02-12,79.550003,79.900002,79.400002,79.699997,79.699997,72.24583323333333,8443795,16.34612185651499,27.744140243162104
2018-02-21,81.400002,82.099998,80.75,82,82,72.40249989166666,18975311,38.46153106509018,21.63461122411324
2018-02-26,82.550003,83.199997,80.449997,81.150002,81.150002,72.54458325833333,21559534,30.28847494452405,28.365375955376418
2018-03-05,81.099998,83,80.650002,82.849998,82.849998,72.72166659166666,17939769,46.6345871856563,38.46153106509019
2018-03-12,83.599998,84.949997,83.099998,83.900002,83.900002,72.90166661666666,31023256,56.73077755177355,44.55127989398465
2018-03-19,83.650002,84.599998,81.800003,82.099998,82.099998,73.06958325833332,21312074,39.42305011095189,47.59613828279393
2018-03-26,81.849998,83.400002,81.599998,82.849998,82.849998,73.245416575,20901827,46.6345871856563,47.59613828279393
2018-04-02,82.849998,82.949997,81.199997,81.5,81.5,73.42583325833333,9924822,33.653839681953905,39.90382565952071
2018-04-09,82.150002,83.150002,81.599998,82.5,82.5,73.60708325833333,16439885,43.26922244822645,41.185883105278904
2018-04-16,82.650002,82.650002,80.5,80.75,80.75,73.76666660833332,23353059,26.442302607249495,34.4551215791433
2018-04-23,80.25,80.449997,78.800003,79.199997,79.199997,73.92041658333332,72834953,11.538430473378718,27.08331850961825
2018-04-30,79.650002,80.150002,78.349998,78.949997,78.949997,74.09958321666666,24329338,9.134584781810581,15.70510595414629
2018-05-07,79.5,81.699997,78.800003,81.599998,81.599998,74.30708319166666,36201121,34.61535872781562,18.429457994335
2018-05-14,82,82.599998,80.849998,80.949997,80.949997,74.51041650833332,37015259,28.36535031435567,24.038431274660653
2018-05-21,81.199997,82.300003,81.199997,81.849998,81.849998,74.70083315833334,12102555,37.019204419383755,33.33330448718501
2018-05-28,82.050003,82.25,80.300003,81.349998,81.349998,74.88749979999999,13961358,32.21151303624749,32.53202258999564
2018-06-04,81.800003,83.599998,81.800003,82.550003,82.550003,75.06833317499999,26349164,43.750020432688416,37.66024596277322
2018-06-11,82.800003,83.099998,81.199997,81.949997,81.949997,75.24083315,17602134,37.98073308062821,37.98075551652137
2018-06-19,81.099998,81.699997,80.300003,81.150002,81.150002,75.39124985,21478545,30.28847494452405,37.339742819280225
2018-06-25,80.849998,81.550003,79.800003,81.449997,81.449997,75.54041649999999,51383604,33.173041697491946,33.814083240881395
2018-07-02,81.5,81.949997,80.199997,80.949997,80.949997,75.67583316666666,19416338,28.36535031435567,30.608955652123885
2018-07-09,81.75,83.400002,81.300003,83.349998,83.349998,75.83666645833333,38398274,51.442278568792574,37.66022352688006
2018-07-16,83.300003,84.699997,82.400002,84.650002,84.650002,76.009583125,53120669,63.94231462647796,47.91664783654206
2018-07-23,84.300003,85.75,83.849998,85.699997,85.699997,76.2008331,34391775,74.03841845415026,63.141003883140264
2018-07-30,85.650002,86.199997,84.849998,85.550003,85.550003,76.378333125,15982696,72.59616873150605,70.19230060404476
2018-08-06,85.550003,86.400002,85.349998,85.699997,85.699997,76.56583309166668,10610642,91.66660912699778,79.43373210421804
2018-08-13,85.050003,85.050003,83.050003,83.650002,83.650002,76.74958312500002,22980391,67.26191255668749,77.17489680506377
2018-08-20,83.900002,85.199997,83.699997,84.800003,84.800003,76.95874980833334,18135232,80.12424590099587,79.68425586156037
2018-08-27,85,88.349998,85,86.949997,86.949997,77.19041643333334,40837165,85.99998999999997,77.79538281922778
2018-09-03,86.949997,87.300003,86,86.400002,86.400002,77.41041645,12975907,80.50004000000001,82.20809196699862
2018-09-10,86.599998,86.599998,84.900002,86.5,86.5,77.60958313333335,73041233,81.50002,82.66668333333332
2018-09-17,86.5,86.849998,85.199997,86.849998,86.849998,77.80124980000001,33541373,85,82.33335333333333
2018-09-25,86.650002,87.650002,86.599998,86.900002,86.900002,77.98166648333334,56545162,85.50004000000001,84.00002
2018-10-01,86.900002,87.400002,83,83.449997,83.449997,78.1433331,52199320,50.999989999999976,73.83334333333333
2018-10-08,82.949997,83.400002,77.349998,80.050003,80.050003,78.28458314166667,158789007,24.54550000000004,53.68184333333334
2018-10-15,79.5,80.5,78,79.300003,79.300003,78.39333316666668,106347658,17.727318181818223,31.090936060606072
2018-10-22,78.349998,79.550003,74.5,75.400002,75.400002,78.47416654166668,97074012,6.498210324651316,16.257009502156524
2018-10-29,75.849998,78.800003,75.349998,78.650002,78.650002,78.55874989166668,39430157,29.96391768432025,18.063148730263265
2018-11-05,78.099998,79.400002,77.599998,77.800003,77.800003,78.62958322500002,64216978,23.826739902778353,20.09628930391664
2018-11-12,77.75,78.300003,75.699997,76.949997,76.949997,78.69958317500001,37716776,17.68951157971284,23.826723055603818
2018-11-19,77.050003,77.150002,74.849998,75.349998,75.349998,78.74749984166668,40784554,6.137170561324265,15.884474014605155
2018-11-26,75.900002,77.949997,75.199997,76.75,76.75,78.8020832,34597758,16.24548971054003,13.357390617192381
2018-12-03,77.849998,79,74.849998,75.449997,75.449997,78.85416653333336,54734065,6.859185106019483,9.747281792627929
2018-12-10,74.5,76.5,74.449997,75.349998,75.349998,78.89791653333334,42041626,6.474826872314635,9.859833896291386
2018-12-17,75.349998,76.050003,74.449997,75.199997,75.199997,78.94833315833334,35861750,5.395683065058772,6.243231681130966
2018-12-24,74.849998,75.5,73.300003,75.5,75.5,78.99083314166668,41188786,14.617925122234238,8.829478353202552
2019-01-02,75.849998,75.900002,72,72.199997,72.199997,79.02208314166668,43171685,1.2232233912199635,7.078943859504328
2019-01-07,73.550003,75.75,73.25,75.5,75.5,79.05208312500002,50229059,21.406730447306476,12.415959653586894
2019-01-14,75.449997,76.099998,74.75,75.949997,75.949997,79.09374979166668,50791588,24.159006013334047,15.596319950620162
2019-01-21,76.349998,76.699997,73.650002,75,75,79.12166644166669,36322413,18.348626097691266,21.30478751944393
2019-01-28,75.150002,75.449997,74.199997,74.349998,74.349998,79.14583311666668,13500162,14.37307821077409,18.960236773933133
2019-02-11,75.349998,75.949997,74.849998,75.050003,75.050003,79.16624982500002,24094403,18.65445488127891,17.125386396581423
2019-02-18,75.5,77.099998,75.5,76.949997,76.949997,79.20249981666669,72311917,30.27521471256447,21.10091593487249
2019-02-25,77.349998,77.800003,77.300003,77.650002,77.650002,79.25791650000002,48175894,34.55659138306928,27.828753658970886
2019-03-04,77.550003,77.550003,75.800003,76,76,79.30749980833336,65664825,24.46483479692169,29.76554696418515
2019-03-11,75.849998,77.699997,75.699997,77.599998,77.599998,79.36749977500001,45340894,34.25075648327296,31.09072755442131
2019-03-18,77.75,79.699997,77.650002,79.349998,79.349998,79.43416644166669,50950601,46.96483744858307,35.22680957625924
2019-03-25,78.099998,79.150002,78,79.150002,79.150002,79.50041648333334,21372446,45.68690789943669,42.30083394376424
2019-04-01,80,80.449997,79.599998,80.150002,80.150002,79.55874981666668,23525671,52.07668344067944,48.242809596233066
2019-04-08,80.800003,81.550003,80.699997,81.099998,81.099998,79.63208310833333,49896829,58.14694464575787,51.970178661957995
2019-04-15,81.650002,83.5,81.550003,82.800003,82.800003,79.73416644166669,71760346,70.12988050261293,60.117836196350076
2019-04-22,83,83.550003,82.199997,82.449997,82.449997,79.82291639166668,19339028,90.47614100186807,72.91765538341295
2019-04-29,82.599998,83.800003,82.400002,83.75,83.75,79.915416375,42889877,99.57624587044593,86.72742245830898
2019-05-06,82.599998,83.300003,80.900002,81.5,81.5,79.98958305833335,53766004,80.50845410802012,90.18694699344469
2019-05-13,81.099998,81.099998,78.25,78.25,78.25,80.040416375,96893375,52.96608822896061,77.68359606914221
2019-05-20,78.5,78.800003,76.849998,77.349998,77.349998,80.07416633333334,76389598,45.33895457484204,59.60449897060759
2019-05-27,77.5,78.449997,76.300003,78.449997,78.449997,80.12083299166667,46237870,54.66097762856496,50.98867347745587
2019-06-03,78.199997,78.949997,77.449997,77.699997,77.699997,80.16166627500002,27754620,48.305047041089686,49.434993081498895
2019-06-10,78.650002,79.800003,78.349998,78.900002,78.900002,80.20791630833334,36628073,58.47457835392075,53.8135343411918
2019-06-17,78.449997,81.199997,78.099998,80.849998,80.849998,80.27208294166667,57789540,74.99996398305997,60.5931964593568
2019-06-24,80.800003,81.599998,80.25,80.900002,80.900002,80.34541630833334,49747242,75.42372658718813,69.63275630805627
2019-07-01,82.050003,82.800003,81.349998,81.900002,81.900002,80.42791632500001,34986598,83.89830070382183,78.10733042468998
2019-07-08,81.800003,83.050003,81.400002,82.75,82.75,80.50083299166667,25722221,91.10167175381224,83.47456634827407
2019-07-15,82.849998,83.449997,82.25,83,83,80.57374965833334,42759766,93.22031528297066,89.40676258020157
2019-07-22,83.099998,83.900002,83.099998,83.25,83.25,80.65333301666668,25693342,93.89669598184113,92.739561006208
2019-07-29,83.099998,83.699997,80.599998,80.949997,80.949997,80.71041634166667,30134227,71.2194634146341,86.11215822648198
2019-08-05,80.699997,80.849998,78.5,80.650002,80.650002,80.76958300000001,67453477,68.29268292682927,77.8029474411015
2019-08-12,80.650002,80.849998,79.099998,80.349998,80.349998,80.82666631666667,40112524,63.402039483484806,67.6380619416494
2019-08-19,80.75,81.650002,80.300003,81,81,80.88041629166669,29337879,67.9557931687102,66.55017185967476
2019-08-26,79.800003,81.900002,79.599998,81.849998,81.849998,80.93624959166668,40750905,75.59519628685801,68.98434297968434
2019-09-02,81.800003,83.550003,81.199997,83.5,83.5,80.99624956666668,64915259,95.12192980370133,79.55763975308986
2019-09-09,83.699997,84.25,83.199997,83.900002,83.900002,81.06333293333336,31832517,95.90645757668156,88.87452788908031
2019-09-16,84,85.150002,83.949997,84.699997,84.699997,81.12791626666669,48905121,95.23804484759528,95.42214407599273
2019-09-23,84.650002,85.199997,83.900002,84.599998,84.599998,81.18958294166669,27228907,93.25843365737103,94.80097869388264
2019-09-30,84.800003,86,84.300003,85.150002,85.150002,81.24916629166667,23385790,91.237131310453,93.24453660513977
2019-10-07,85.400002,86.599998,85.199997,85.800003,85.800003,81.31666634166668,23253011,92.23305448206533,92.24287314996313
2019-10-14,87,88.650002,87,87.949997,87.949997,81.38541634166668,23209261,94.33194286088602,92.60070955113478
2019-10-21,87.949997,89.199997,87.75,88.800003,88.800003,81.45541635000001,17465456,96.89926987562946,94.48808907286029
2019-10-28,89.25,90.599998,89,90.099998,90.099998,81.53999969166668,30069971,96.5034952809424,95.91156933915265
2019-11-04,90.550003,93.349998,90.550003,92.550003,92.550003,81.62749969166667,21131933,95.30794583810732,96.23690366489306
2019-11-11,92.400002,92.5,91.050003,92.300003,92.300003,81.71249973333335,14906346,93.84166974829027,95.21770362244666
2019-11-18,92.5,93.599998,91.800003,92.550003,92.550003,81.79958310833335,17654238,93.93066298574078,94.36009285737946
2019-11-25,93,93.300003,91.449997,91.5,91.5,81.87583312500003,15002778,87.86127972869356,91.8778708209082
2019-12-02,91.949997,93.5,91.400002,93.050003,93.050003,81.97416648333336,12625126,96.82083723145587,92.87092664863007
2019-12-09,93.199997,97.400002,92.800003,96.900002,96.900002,82.10541648333334,24444644,97.4937349639762,94.05861730804189
2019-12-16,96.949997,98.300003,96.650002,96.949997,96.949997,82.22416648333335,18572518,93.31680363445452,95.87712527662887
2019-12-23,97,98.150002,96.949997,98,98,82.34916648333336,12689640,98.51483700127795,96.44179186656957
2019-12-30,98,98.699997,96.949997,97.650002,97.650002,82.47374985833335,19138271,94.8020041785155,95.54454827141599
2020-01-06,97.050003,97.800003,95.050003,97.300003,97.300003,82.59833323333335,40403233,93.06933560435681,95.46205892805011
2020-01-13,97.849998,98.849998,97,97.300003,97.300003,82.72916660833336,45262841,92.38331620474854,93.41821866254031
2020-01-20,97.550003,98,97.550003,97.699997,97.699997,82.87124990000002,6969945,94.34888887949766,93.26718022953436
2020-01-30,95,95,89.650002,89.949997,89.949997,82.93666655833334,54760641,56.265347053105344,80.99918404578388
2020-02-03,88.5,92.300003,87.599998,91.199997,91.199997,82.99624984166668,51680877,62.407853799297655,71.00736324396692
2020-02-10,90,93.25,89.599998,92.949997,92.949997,83.06624979166668,28806909,71.00736324396689,63.22685469879
2020-02-17,92.300003,92.550003,90.949997,91.25,91.25,83.12416643333334,38682102,61.51899746835443,64.97807150387302
2020-02-24,90.25,90.5,88.349998,88.650002,88.650002,83.15708314166667,62181097,47.0130077922078,59.846456168176395
2020-03-02,87.5,90.25,86.849998,88.349998,88.349998,83.18874976666667,74285815,45.45454545454545,51.328850238369256
2020-03-09,86.800003,86.800003,75.949997,81,81,83.16083311666668,165440447,22.05241388417408,38.17332237697581
2020-03-16,80,80.400002,67.25,74,74,83.06791643333335,240699159,21.360760845617776,29.622573394779135
2020-03-23,71,78.699997,69.550003,76.599998,76.599998,83.01791643333335,123079369,29.588603138519186,24.33392595610371
2020-03-30,74.699997,77.199997,74.050003,75.900002,75.900002,82.9762497666667,33317900,27.37342578312822,26.10759658908842
2020-04-06,76.949997,80.099998,75.75,79.300003,79.300003,82.96124980833336,64215246,38.13292329955212,31.69831740706651
2020-04-13,79,84,78.550003,83.25,83.25,82.97749978333336,84855385,50.632914597019905,38.713087893233414
2020-04-20,83.25,83.5,79.5,80.900002,80.900002,82.9670831166667,63378721,43.19621159469694,43.98734983042299
2020-04-27,82.150002,85.5,81.650002,85.5,85.5,82.98166645000002,52133620,57.75316821222584,50.5274314679809
2020-05-04,82.400002,84.75,82.199997,84.349998,84.349998,82.98374978333337,41776617,54.11392114645071,51.68776698445783
2020-05-11,85,85.400002,83.050003,83.849998,83.849998,82.95624975000003,38106001,52.531642565293836,54.79957730799013
2020-05-18,83.050003,84.800003,82.800003,82.949997,82.949997,82.91833305833333,44565812,49.68353795465429,52.10970055546628
2020-05-25,83.150002,84.900002,82.150002,84.449997,84.449997,82.91458301666667,38092859,54.43037369812491,52.21518473935769
2020-06-01,84.449997,88.349998,84.400002,88.349998,88.349998,82.992082975,63382760,66.77214979570569,56.96202048282831
2020-06-08,88.900002,90.849998,87.099998,88.25,88.25,83.06333300000001,73647581,66.45570040858864,62.552741300806424
2020-06-15,88.099998,89.300003,86.900002,88.849998,88.849998,83.12041631666668,39294719,68.35442837686256,67.19409286038564
2020-06-22,88.849998,90.5,88.800003,90,90,83.1941663,29306249,71.99367544263768,68.93460140936297
2020-06-29,89.25,92.75,88.650002,92.550003,92.550003,83.27499967499999,50384031,80.06330570020923,73.47046983990316
2020-07-06,93.199997,95.849998,93.199997,94.650002,94.650002,83.36458300833334,58286691,86.70887257651093,79.58861790645263
2020-07-13,95.400002,97.949997,95.25,97.199997,97.199997,83.49041633333334,72493499,94.77847751762515,87.18355193144845
2020-07-20,97.199997,100.1,96.25,98.5,98.5,83.62083301666667,64857869,95.12937595129377,92.20557534847661
2020-07-27,101.8,108.7,101.8,103.8,103.8,83.80666635000001,66834706,88.1785283474065,92.69546060544182
2020-08-03,103.45,105.95,102,104.65,104.65,83.99124968333334,31397267,90.2291917973462,91.17903203201551
2020-08-10,104.1,105.85,103,104.5,104.5,84.18916635000001,24262817,89.86731001206272,89.42501005227182
2020-08-17,104.5,105.9,98.699997,102.8,102.8,84.38583304166667,42301513,85.76598311218333,88.62082830719743
2020-08-24,102.85,105.7,102.3,103.5,103.5,84.59041640000001,19613293,87.45476477683955,87.6960193003619
2020-08-31,104.1,104.3,101.8,102.55,102.55,84.76499975,26673863,85.16284680337755,86.12786489746684
2020-09-07,102.55,103.35,101.15,103.25,103.25,84.95083310833334,22764771,86.85162846803377,86.4897466827503
2020-09-14,103.5,107,103.25,105.3,105.3,85.14624979166666,39748072,91.79734620024124,87.9372738238842
2020-09-21,105.2,105.9,100.05,100.65,100.65,85.30708314166667,42991593,80.57901085645356,86.40932850824287
2020-09-28,101.35,103.45,101,103,103,85.47749978333333,13331627,85.44061191115799,85.93898965595093
2020-10-05,103.45,106.35,103,106.2,106.2,85.67958314166667,30269897,92.78499216031678,86.26820497597612
2020-10-12,106.7,107.7,105.1,105.25,105.25,85.88041645833333,25600632,89.52959028831562,89.25173145326346
2020-10-19,105.65,106.65,105.5,106.1,106.1,86.08583315000001,17536832,91.37645021987893,91.23034422283712
2020-10-26,106.1,106.6,102.7,103,103,86.26958317500001,24256061,80.4794520547945,87.12849752099635
2020-11-02,103.15,107.05,102.3,106.7,106.7,86.46416652500001,29964800,92.60628411137036,88.15406212868128
2020-11-09,107.75,109.4,106.8,109.25,109.25,86.66916650833335,31714050,99.449541244003,90.84509247005595
2020-11-16,110.4,115.75,110.4,114,114,86.90499986666669,46104796,94.79166635664681,95.6158305706734
2020-11-23,114.65,115.95,113.9,114.65,114.65,87.1474998416667,23356000,96.15384592626309,96.79835117563765
2020-11-30,114.8,117.45,113.3,117.3,117.3,87.41083320000001,38386000,99.57507079745443,96.84019436012146
2020-12-07,118.5,120.2,117.25,118.75,118.75,87.70333318333336,32780801,95.94972044411846,97.22621238927866
2020-12-14,118.65,119.3,116.75,118.2,118.2,87.98166649166669,31115160,93.9939936332729,96.50626162494859
2020-12-21,118.25,119.6,117.5,118.95,118.95,88.24833318333336,19875899,96.24624602079555,95.39665336606231
2020-12-28,119.05,122.4,119.05,122.25,122.25,88.54708316666668,18020413,99.55555552921808,96.59859839442885
2021-01-04,122.2,131.25,122,131.2,131.2,88.91958316666667,42291757,99.88262910247082,98.5614768841615
2021-01-11,131.2,138,130.5,134.5,134.5,89.31666651666667,66952453,92.18750052315845,97.20856171828245
2021-01-18,134.60001,143.25,132.10001,137.45,137.45,89.73791650000001,95869374,87.91666666666664,93.32893209743197
2021-01-25,137.2,137.3,128.2,128.2,128.2,90.11083319166667,67415407,67.97872340425529,82.69429686469347
2021-02-01,128.2,136.3,127.55,134.8,134.8,90.56708316666668,48922643,81.03254897648382,78.9759796824686
2021-02-17,139,141.25,137.60001,138.85001,138.85001,91.063333225,39441100,90.1234799018981,79.71158409421241
2021-02-22,139.8,140.75,133.3,133.39999,133.39999,91.54666645833335,64504134,77.889990265545,83.01533971464232
2021-03-02,135.5,135.64999,129.5,131.95,131.95,91.99083310833333,48460936,74.63524300997238,80.88290439247184
2021-03-08,133.75,135.64999,129.75,135.25,135.25,92.46958308333335,46834979,81.4814814814815,78.00223825233297
2021-03-15,135.25,136.05,132.3,132.8,132.8,92.93499977500001,35386783,75.8101851851852,77.30896989221304
2021-03-22,132.39999,134.7,130.60001,134.35001,134.35001,93.42666654166668,36908122,79.3981712962963,78.89661265432102
2021-03-29,135.2,136.05,134.60001,135.75,135.75,93.91833320833332,28510087,82.6388888888889,79.28241512345681
2021-04-06,138.3,138.89999,136.64999,137.95,137.95,94.43916656666666,24247185,87.73148148148145,83.25618055555556
2021-04-12,138.05,139.25,136.05,139.25,139.25,94.97166658333332,37711788,90.53254437869822,86.96763824968953
2021-04-19,139.25,139.75,137.39999,139.14999,139.14999,95.50458319166665,31497357,89.98776556776558,89.4172638093151
2021-04-26,140,142,139.89999,140.60001,140.60001,96.04708327499999,31099070,93.52871794871794,91.3496759650606
2021-05-03,140.39999,140.39999,135,139.39999,139.39999,96.60708321666668,45886182,90.59826617826619,91.37158323158324
2021-05-10,139.5,139.5,121.2,128.95,128.95,97.05249988333334,115321178,65.07936507936506,83.06878306878308
2021-05-17,125.2,133.85001,124.7,132.35001,132.35001,97.52249999166666,86340339,73.38219780219781,76.35327635327637
2021-05-24,131.55,135.89999,131.14999,135.8,135.8,98.02916665833332,40549198,79.56104252400552,72.67420180185614
2021-05-31,135.8,138.45,135.8,136.95,136.95,98.55083334166666,29842639,80.82191780821914,77.92171937814084
2021-06-07,137.2,138.5,134.64999,138.10001,138.10001,99.07625006666666,30686857,82.80470784641068,81.06255605954512
2021-06-15,138.60001,139,137.14999,138,138,99.58500009166667,16990078,82.47078464106845,82.0324700985661
2021-06-21,136.89999,137.95,134.5,136.95,136.95,100.07916674166667,42187945,76.22641509433959,80.50063586060624
2021-06-28,137,139.35001,136.5,138.3,138.3,100.59833340833333,32485005,81.32075471698117,80.00598481746307
2021-07-05,138.75,140.05,136.95,137.75,137.75,101.099583425,32471509,78.64077669902912,78.72931550344995
2021-07-12,139.05,141.85001,138.55,139.89999,139.89999,101.60416669166668,59194959,86.15698347107438,82.03950496236155
2021-07-19,139,139.2,136.10001,137.64999,137.64999,102.09166659166667,42058458,74.60312925170068,79.80029647393472
2021-07-26,137.75,138.05,133.75,136.05,136.05,102.55749990833333,69341000,67.34693877551025,76.03568383276178
2021-08-02,137,139.45,136.05,138.8,138.8,103.03833325833332,29115888,79.81859410430843,73.92288737717313
2021-08-09,138.2,138.55,135.55,135.64999,135.64999,103.47874981666668,21923564,69.47110576923077,72.21221288301649
2021-08-16,135.5,135.75,130.2,130.75,130.75,103.88124984166667,91648281,45.91346153846153,65.06772047066691
2021-08-23,132.25,138.5,132.14999,138.14999,138.14999,104.33458309166667,42356147,81.49033653846155,65.62496794871795
2021-08-30,138.64999,142.10001,138.10001,141.89999,141.89999,104.83791634166667,76184544,99.0429669650876,75.48225501400357
2021-09-06,141.89999,143.5,139.3,141.95,141.95,105.36874967499999,36295690,93.04932735426004,91.19421028593642
2021-09-13,141.85001,142.2,139.5,140.5,140.5,105.89499969166667,30058322,86.54708520179372,92.8797931737138
2021-09-22,137.10001,139.64999,136.3,139.64999,139.64999,106.40499963333333,37298012,82.73538116591929,87.4439312406577
2021-09-27,139.85001,140.35001,133.64999,133.95,133.95,106.87374965833332,107102002,57.174887892376624,75.48578475336322
2021-10-04,134.7,135.64999,130.89999,134.2,134.2,107.334582975,97369068,58.29596412556049,66.0687443946188
2021-10-12,132.7,136.35001,131.60001,136.25,136.25,107.79624965833332,34500713,67.48878923766816,60.98654708520176
2021-10-18,136.7,137.8,135.60001,136.5,136.5,108.259582975,47405154,68.60986547085201,64.79820627802688
2021-10-25,136,137.75,135.2,135.8,135.8,108.70874962499998,35591183,65.47085201793726,67.18983557548582
2021-11-01,136.2,138.2,136.14999,138.10001,138.10001,109.16999970833332,24014227,75.78479820627801,69.95517189835577
2021-11-08,138.2,141.2,138.2,139.7,139.7,109.64249970833333,36663330,82.95964125560533,74.73843049327354
2021-11-15,140.55,143.55,140.55,142.8,142.8,110.13874970833332,45863531,96.64429530201343,85.12957825463225
2021-11-22,142.7,142.89999,137.95,138.14999,138.14999,110.61541631666665,27001699,71.35273209549068,83.6522228843698
2021-11-29,137.60001,142.14999,137.5,141.75,141.75,111.12458296666665,40483356,86.5168539325842,84.83796044336277
2021-12-06,140.7,143.60001,140,141.95,141.95,111.63791631666665,26513917,87.6865017264912,81.85202925152204
2021-12-13,142.2,142.45,139.7,141.89999,141.89999,112.14541623333334,30648486,87.31329304978135,87.17221623628559
2021-12-20,141.8,143.60001,140.3,143.05,143.05,112.65541624999999,42370654,95.89545082429053,90.2984152001877
2021-12-27,143.2,146.14999,143.10001,145.5,145.5,113.17208291666665,58956280,95.92482503123824,93.04452296843671
2022-01-03,146,150.55,146,146.60001,146.60001,113.69458298333332,45438742,80.58972972972968,90.80333519508616
2022-01-10,146,151.2,145.39999,150.3,150.3,114.241249675,62370233,95.71428571428582,90.74294682508459
2022-01-17,151.10001,152.39999,142.3,142.64999,142.64999,114.72499960833333,86706455,56.08106129777539,77.46169224726364
2022-01-24,142.10001,144,141.05,141.55,141.55,115.19499959166667,57972461,51.126149155923116,67.64049872266145
2022-02-07,142.60001,145.05,141.2,144.95,144.95,115.68791623333335,55856337,66.44147137003212,57.88289394124356
2022-02-14,143.95,145,141.95,144.10001,144.10001,116.15583300833335,37183523,62.612685861570206,60.06010212917516
2022-02-21,143.45,143.85001,137.85001,138.5,138.5,116.56999965000001,87883913,37.38740422856049,55.480520486720955
2022-03-01,139.05,140.8,137.95,138.45,138.45,116.97291633333334,34499205,37.16217890188236,45.72075633067104
2022-03-07,136.89999,136.89999,131,134.39999,134.39999,117.32166622500002,153319033,16.27906976744186,30.27621763262825
2022-03-14,135,136.60001,131.10001,136.10001,136.10001,117.68666628333335,83440283,24.186139534883697,25.875796068069324
2022-03-21,136.8,138.5,136.3,138.2,138.2,118.06708292500001,34508521,33.95353488372086,24.80624806201547
2022-03-28,137,138.7,135.55,136.95,136.95,118.44583292500002,38306571,28.139581395348774,28.759751937984444
2022-04-06,135.25,136.35001,133.75,134.55,134.55,118.79166623333334,38427881,16.97679069767446,26.356635658914694
2022-04-11,134.14999,135.75,131.60001,132.25,132.25,119.08624955000002,68633949,6.279116279069756,17.131829457364326
2022-04-18,132,133.60001,130.85001,131.60001,131.60001,119.37499965833334,52658490,3.480281652233551,8.912062876325919
2022-04-25,130,130.05,125.95,128.75,128.75,119.63124965833336,101246816,10.586015344429232,6.78180442524418
2022-05-03,128.55,129.8,125.95,126.65,126.65,119.87291630833334,42658902,2.646503836107321,5.570933610923369
2022-05-09,125.5,125.55,121.2,122.35,122.35,120.08166628333335,58605375,3.6858986172751704,5.639472599270575
2022-05-16,123.45,126,122.5,124.65,124.65,120.30958292500003,28847602,11.057695851825603,5.796699435069365
2022-05-23,125.3,125.8,122.85,125.5,125.5,120.54124961666668,29190159,13.78205569937682,9.508550056159198
2022-05-30,127.25,130.05,127.05,127.8,127.8,120.85666630833336,33525779,21.153852933927205,15.331201495043208
2022-06-06,128.25,129.10001,126.4,127.1,127.1,121.15583300000003,20236263,18.910262471237946,17.948723701513988
2022-06-13,124.1,125,120.4,120.85,120.85,121.38833302500004,74664668,1.406250439453227,13.82345528153946
2022-06-20,120.9,122.2,117.25,118.15,118.15,121.6124996916667,63706137,2.5604559204711173,7.625656277054097
2022-06-27,119.8,121.45,111.2,111.55,111.55,121.80333300833337,93680901,0.8495147692996875,1.6054070430746774
2022-07-04,111.25,113.9,108.45,113.25,113.25,122.01083302500003,85657192,10.921504191468525,4.777158293746443
2022-07-11,113.65,115.65,109.15,115.5,115.5,122.29833302500002,79610619,16.040959281219397,9.27065941399587
2022-07-18,114.65,117.2,113.6,116.8,116.8,122.6549996916667,78334984,18.998866666408784,15.3204433796989
2022-07-25,116.3,118.5,115.15,118,118,122.99999970833338,48874516,21.729242714275923,18.923022887301368
2022-08-01,118.1,119.5,115.1,119.5,119.5,123.36333302500003,53275858,25.14221277410984,21.956774051598185
2022-08-08,119,121,117.5,120.8,120.8,123.70916633333336,44505284,33.74316939890708,26.871541629097617
2022-08-15,121.45,122.3,120.9,121.55,121.55,124.02833300000003,44020584,35.79234972677593,31.559243966597617
2022-08-22,120,120.25,117.65,119.6,119.6,124.35083298333335,42944035,30.506155950752373,33.34722502547846
2022-08-29,116.25,117.6,113.85,113.9,113.9,124.58749965000003,75679463,15.395475876984227,27.231327184837507
2022-09-05,114.1,115.4,112.1,113,113,124.8262496666667,41232872,14.064914992272012,19.98884894000287
2022-09-12,115.3,116.4,112.3,112.55,112.55,125.06541635000005,42404806,13.55371900826445,14.338036625840232
2022-09-19,112.95,113.15,109.35,109.7,109.7,125.2883330416667,57298115,4.13223140495868,10.583621801831717
2022-09-26,108.05,108.05,103,103.45,103.45,125.44666640000004,76587795,1.2605042016806807,6.315484871634606
2022-10-03,102.5,108,102.05,106.2,106.2,125.59541641666671,48855114,11.323328785811752,5.572021464150372
2022-10-11,102,102.3,99,101.85,101.85,125.70874975000005,83016331,7.630520045376145,6.738117677622861
2022-10-17,99.949997,101.55,97.349998,98.900002,98.900002,125.79249978333338,76171940,4.036468539767267,7.663439123651723
2022-10-24,100.75,100.8,96.5,97.75,97.75,125.85708311666671,70315769,3.369271329037378,5.012086638060265
2022-10-31,98.849998,100.05,97.5,98.849998,98.849998,125.90958307500006,46832254,7.004464977645301,4.803401615483318
2022-11-07,99.800003,109,99.550003,109,109,126.02916639166672,92747494,37.25782414307003,15.877186816584237
2022-11-14,109.8,115.85,109.4,114.25,114.25,126.17124975000006,102392154,52.90611028315945,32.389466467958265
2022-11-21,114.35,116.95,113.05,116.7,116.7,126.32291641666671,54986872,60.20864381520118,50.12419274714355
2022-11-28,114.6,119.5,113.1,117.3,117.3,126.43541641666671,69023067,61.99701937406853,58.37059115747638
2022-12-05,117.3,118.5,112.45,115,115,126.52166641666672,47681800,55.14157973174365,59.11574764033779
2022-12-12,114.2,115.05,112.25,113,113,126.59249975000006,44501362,50.613481406907546,55.91736017090657
2022-12-19,112.35,112.95,110.05,110.7,110.7,126.65833308333339,43876972,49.82456140350878,51.85987418072
2022-12-26,110.8,112.25,108.4,110.2,110.2,126.71416641666671,44763394,53.10077519379847,51.17960600140494
2023-01-03,109.6,112.2,108.45,111.8,111.8,126.79124975000006,53707041,59.302325581395344,54.07588739290086
2023-01-09,114,118.6,113.9,117.2,117.2,126.90749975000004,83088615,80.2325581395349,64.21188630490957
2023-01-16,118.1,118.55,117.8,118.1,118.1,127.01416641666671,42804066,83.72093023255812,74.4186046511628
2023-01-30,120.8,121.2,118.3,121,121,127.18374975000005,99838064,94.96124031007753,86.30490956072352
2023-02-06,120.1,121.1,118.55,121,121,127.33374975000005,43928413,94.96124031007753,91.21447028423772
2023-02-13,120.7,121.8,118.4,118.75,118.75,127.43833308333338,46161566,86.24031007751938,92.05426356589147
2023-02-20,118.55,120.1,117.1,118.8,118.8,127.55124975000005,35321602,86.43410852713178,89.21188630490956
2023-03-01,117.3,120.1,116.85,119.35,119.35,127.6616664166667,15088194,88.5658914728682,87.08010335917311
2023-03-06,120.15,121.4,118,118.3,118.3,127.7891664166667,42976505,86.16600790513834,87.05533596837944
2023-03-13,117.95,119.1,116.5,118.95,118.95,127.89124975000004,71825623,88.73517786561267,87.8223590812064
2023-03-20,118.95,122.3,117.85,122.2,122.2,127.99916641666671,56273630,99.61240310077521,91.50452962384207
2023-03-27,121.75,122.35,120.15,121.6,121.6,128.06249975000003,51187095,97.09864603481626,95.14874233373473
2023-04-06,120.85,121.45,120.2,121,121,128.1154164166667,12699628,94.77756286266926,97.16287066608692
2023-04-10,121.25,121.65,119.5,120.65,120.65,128.14333308333337,24783433,93.42359767891686,95.09993552546747
2023-04-17,120.35,120.5,118.4,118.6,118.6,128.14208308333338,32353650,85.49323017408123,91.23146357188914
2023-04-24,117.8,118.5,115.5,117.4,117.4,128.13541641666671,58855149,80.85106382978728,86.58929722759514
2023-05-02,117.45,118.05,116.7,117.8,117.8,128.12583308333336,16663670,82.39845261121857,82.9142488716957
2023-05-08,118.5,119,116.75,117.2,117.2,128.08374975000004,24084046,80.0773694390716,81.10896196002584
2023-05-15,116.95,122.85,116.65,122.5,122.5,128.01124975000005,97497520,98.61932938856019,87.03171714628347
2023-05-22,122.5,126.05,121.1,125.95,125.95,127.93999975000004,79051446,99.62264146671414,92.77311343144866
2023-05-29,127.45,127.55,124.9,126.75,126.75,127.85083308333337,49707671,95.82245430809401,98.02147505445612
2023-06-05,126.75,128.25,126.15,127.8,127.8,127.84749975000004,37869253,97.7329974811083,97.72603108530551
2023-06-12,128.5,132,128.5,131.55,131.55,127.8204164166667,65159610,98.0932203389831,97.21622404272848
2023-06-19,130.95,131.5,130.25,130.55,130.55,127.75124966666671,40214133,93.85593220338988,96.56071667449378
2023-06-26,130.35001,130.5,128.3,129.10001,129.10001,127.71541650000003,34512511,87.711906779661,93.22035310734468
2023-07-03,129.60001,131.2,127.1,127.7,127.7,127.67999983333337,45053274,81.77966101694916,87.78250000000003
2023-07-10,128.10001,132.5,127,132.25,132.25,127.65499983333338,48624663,98.96265560165975,89.48474113275665
2023-07-17,132,132.2,126.5,127.2,127.2,127.6083331666667,59885760,77.96257796257797,86.23496486039564
2023-07-24,127,129.89999,126.6,129.5,129.5,127.56791641666669,29279282,83.87096774193547,86.93206710205773
2023-07-31,130.3,130.64999,126.9,127.25,127.25,127.49708308333335,33238396,69.11764705882352,76.98373092111234
2023-08-07,127.65,128.7,126.15,126.3,126.3,127.39999975000002,40736195,63.52941176470587,72.17267552182163
2023-08-14,125.65,125.7,122.9,123.85,123.85,127.27166641666669,70620689,49.11764705882349,60.588235294117645
2023-08-21,124.2,127.1,123,124.55,124.55,127.14999983333335,36944128,53.235294117647044,55.29411764705882
2023-08-28,124.85,127.05,124.7,125.9,125.9,127.02749975000002,25013975,61.17647058823533,54.50980392156864
2023-09-04,125.9,126.8,123.85,124.3,124.3,126.90166650000002,27885062,51.76470588235292,55.39215686274511
2023-09-11,124.45,127.35,123.4,127.35,127.35,126.88833316666668,29364128,69.70588235294115,60.882352941176485
2023-09-18,126.6,126.6,122.05,122.65,122.65,126.80749975000002,51959513,42.0588235294118,54.50980392156864
2023-09-25,122.75,123.75,121.55,122.65,122.65,126.69791641666669,28676303,42.0588235294118,51.274509803921596
2023-10-02,123.6,124.5,121.35,124.1,124.1,126.59083308333335,34007795,50.58823529411761,44.90196078431374
2023-10-11,125.9,127.4,125.85,126.95,126.95,126.49791633333334,35715961,67.35294117647061,53.33333333333335
2023-10-16,126.3,127,123.9,125.4,125.4,126.39291633333336,37953482,58.23529411764709,58.72549019607845
2023-10-23,124.85,124.9,121.6,122.3,122.3,126.27083300000002,49116102,39.999999999999986,55.19607843137257
2023-10-30,122.4,125.6,121.1,125.45,125.45,126.16374966666669,45921852,58.5294117647059,52.25490196078433
2023-11-06,126.55,127.45,126.1,126.75,126.75,126.07208300000002,46220534,63.72239747634069,54.0839364136822
2023-11-13,129.25,131.5,128.5,131,131,125.99791641666668,117724424,90.53627760252365,70.92936228119008
2023-11-20,131.05,132.7,130.45,131.2,131.2,125.94416650000001,65108468,90.65420560747663,81.637626895447
2023-11-27,131.2,132.2,130.10001,131.8,131.8,125.90874983333336,43364774,92.24137931034502,91.14395417344844
2023-12-04,131.8,132,129.89999,131.05,131.05,125.84416650000003,33563346,85.77586206896571,89.5571489955958
2023-12-11,131.05,134.2,130.64999,133.7,133.7,125.82791658333335,64277707,96.18320610687022,91.40014916206032
2023-12-18,133.64999,133.89999,132.05,132.95,132.95,125.8462499166667,31878478,90.45801526717557,90.80569448100384
2023-12-25,133,136,132.95,135.45,135.45,125.82375000000003,85350033,96.3087248322147,94.31664873542017
2024-01-02,135.60001,135.95,132.10001,132.14999,132.14999,125.74250000000004,30472484,74.16100671140943,86.9759156035999
2024-01-08,133,133.95,131.95,132.64999,132.64999,125.6649999166667,35543927,77.516711409396,82.66214765100672
2024-01-15,133.3,133.55,127.3,132.89999,132.89999,125.60166650000004,109234225,79.1945637583893,76.95742729306492
2024-01-22,133.8,135.95,133.35001,135.64999,135.64999,125.5683331666667,79018803,97.65093959731546,84.78740492170026
2024-01-29,135.64999,136.64999,133.60001,135.10001,135.10001,125.57791658333336,62548759,90.0322765480878,88.95925996793085
2024-02-05,135.10001,136.2,135,135.95,135.95,125.5924999166667,17961425,95.49845369675471,94.393889947386
2024-02-15,142.2,142.7,141.2,141.3,141.3,125.63458325000003,62718117,93.51851851851862,93.01641625445372
2024-02-19,141,144.10001,140.39999,143.75,143.75,125.69499991666672,67422472,98.47821805294869,95.83173008940736
2024-02-26,143.7,144.2,142.64999,142.8,142.8,125.75333325000004,33268417,93.93939393939404,95.31204350362047
2024-03-04,145,156.45,144.85001,154.45,154.45,125.8895831666667,121867260,94.34229137199435,95.58663445477903
2024-03-11,153.85001,156.14999,152.10001,153,153,126.00041650000004,60793434,90.24045261669028,92.84071264269289
2024-03-18,153,158.25,153,157.2,157.2,126.12041650000005,66043568,97.17362045760429,93.91878814876299
2024-03-25,157.2,159.2,155.89999,157.89999,157.89999,126.28499983333339,32401859,96.58790026246723,94.66732444558727
2024-04-01,158.2,159.64999,157.25,158.55,158.55,126.42499983333339,18695208,97.14658810547034,96.96936960851396
2024-04-08,158.64999,163.35001,158.55,162.10001,162.10001,126.59291658333338,31706465,97.04142081859862,96.92530306217874
2024-04-15,160.25,160.55,149.5,150.89999,150.89999,126.66791658333338,76168838,70.53250401597539,88.2401709800148
2024-04-22,150.39999,156.8,149.7,156,156,126.77583325000006,35127540,82.60353074472646,83.39248519310017
2024-04-29,157.3,159.35001,156,156.95,156.95,126.87124991666673,25530066,84.85205092259149,79.32936189443113
2024-05-06,159,162.10001,159,161.64999,161.64999,126.99666641666673,37556252,95.97628497602724,87.81062221444841
2024-05-13,163.35001,169.75,162.7,167.25,167.25,127.13791641666671,50803194,94.27262313860251,91.70031967907376
2024-05-20,167.25,171.45,165.3,170.60001,170.60001,127.37083325000005,29329184,98.0747678369196,96.1078919838498
2024-05-27,171.75,173.39999,166,166,166,127.57458325000006,38879311,83.94795747244197,92.0984494826547
2024-06-03,168.64999,174.60001,166.14999,172.85001,172.85001,127.80708333333338,48346516,96.30021219868664,92.77431250268275
2024-06-11,173.14999,180.5,172.89999,180,180,128.1062499166667,43077347,99.06015037593986,93.10277334902283
2024-06-17,179.2,189.75,178.8,188.60001,188.60001,128.52375000000004,64504916,98.15854283426742,97.83963513629799
2024-06-24,186.5,187.39999,180.8,186.45,186.45,128.92375000000004,48679603,94.71577261809446,97.31148860943392
2024-07-01,186.55,192.85001,184.5,191.8,191.8,129.40208341666673,44115406,98.39815432522438,97.09082325919542
2024-07-08,191.89999,202.8,191.85001,196.35001,196.35001,129.90416675000006,68688235,91.4569668874172,94.85696461024533
2024-07-15,197.64999,199,186.2,186.25,186.25,130.30458341666673,77983313,78.07947019867548,89.311530470439
2024-07-22,185.39999,186.3,177.10001,179,179,130.6550000833334,65820719,68.47682119205297,79.33775275938187
2024-07-29,181.8,185.10001,174.7,174.7,174.7,130.98958341666673,81452860,59.53923103516643,68.69850747529829
2024-08-05,166.64999,176.89999,158.39999,175.85001,175.85001,131.35291683333338,210070367,61.0549221177633,63.02365811499423
2024-08-12,177.25,183.64999,177.25,183.39999,183.39999,131.78458333333342,74713336,71.38641592920352,63.99352302737774
2024-08-19,183.5,185.2,178.89999,180.95,180.95,132.21958333333342,47102467,64.983979970516,65.80843933916093
2024-08-26,182.39999,183.39999,179.14999,181.35001,181.35001,132.6754167500001,42869770,65.62502153445166,67.33180581139038
2024-09-02,181.89999,182.45,170,174.75,174.75,133.11208341666674,70958180,53.366591293999775,61.3251975996558
2024-09-09,170.4,179.35,170.3,178.4,178.4,133.56000008333342,52761268,57.894729576312265,58.96211413492122
2024-09-16,178.6,184.1,176.55,182.45,182.45,134.03458341666675,38721471,61.819887429643494,57.693736099985166
2024-09-23,182.55,191.25,182.1,188.9,188.9,134.5437500833334,60604435,73.92120075046904,64.54527258547493
2024-09-30,186.55,187.2,183,183.6,183.6,135.01458341666674,33588188,63.97748592870541,66.57285803627265
2024-10-07,185.8,192.8,185.5,192.15,192.15,135.6087500833334,49005918,80.0187617260788,72.63914946841776
2024-10-14,192.1,200.2,190.95,198.1,198.1,136.27500008333342,88601827,91.18198874296432,78.39274546591618
2024-10-21,199.05,199.95,194.5,196.4,196.4,136.98208341666674,54366536,87.99249530956847,86.39774859287053
2024-10-28,197.9,198.15,185.95,190.5,190.5,137.62583341666675,73541803,76.83615819209038,85.33688074820772
2024-11-04,191.05,200,190.8,199,199,138.32166675000008,63149553,91.88034188034186,85.56966512733356
2024-11-11,198.85,199.1,190.1,192.35,192.35,138.9512500833334,72087781,76.46396926487175,81.72682311243466
2024-11-18,191.45,193.35,188.6,193.05,193.05,139.5766667500001,60442313,78.04054548636363,82.12828554385908
2024-11-25,194.7,194.75,184.5,187.25,187.25,140.14125008333343,59567513,64.9774853654312,73.16066670555551
2024-12-02,188.5,196.7,188.5,195.75,195.75,140.76583341666674,43928755,84.12162519783215,75.71321868320898
2024-12-09,196.15,196.45,192.6,195.3,195.3,141.38041675000008,27368536,83.10811191258742,77.40240749195024
2024-12-16,197,198.05,192,192.6,192.6,141.9887500833334,50790231,77.02703220111884,81.41892310384613
2024-12-23,194.7,199.1,194.5,198.9,198.9,142.69708341666674,39406441,91.21621819454543,83.78378743608387
2024-12-30,198.15,198.65,193.25,196,196,143.3887500833334,38909501,84.68468813407922,84.30931284324781
2025-01-06,198.65,206,198,199,199,144.10916675000007,73725477,85.29412073652925,87.06500902171796
2025-01-13,199,199.5,193.75,196.3,196.3,144.83083341666674,85323813,79.62185302061914,83.20022063040919
2025-01-20,197.15,201.7,196.7,201.3,201.3,145.64625008333343,32616842,90.1260524945268,85.01400875055839
2025-02-03,192.3,198.6,190.65,198.55,198.55,146.41583341666674,119818497,84.3487427838776,84.69888276634117
2025-02-10,198.2,198.5,196.1,197.65,197.65,147.21416675000006,21279118,82.45798687857419,85.64426071899284